{"cameraMode":{"drawMode":0,"name":"Shaded","section":"Shading Mode"},"sceneLighting":false,"audioPlay":false,"sceneViewState":{"m_AlwaysRefresh":false,"showFog":true,"showSkybox":true,"showFlares":true,"showImageEffects":true,"showParticleSystems":true,"showVisualEffectGraphs":true,"m_FxEnabled":true},"in2DMode":false,"pivot":{"x":-0.8665956258773804,"y":-0.4834587872028351,"z":-1.756670355796814},"rotation":{"x":-0.0014516118681058288,"y":0.9868667721748352,"z":-0.16128581762313844,"w":-0.008882042951881886},"size":8.426380157470704,"orthographic":false}