{"cameraMode":{"drawMode":0,"name":"Shaded","section":"Shading Mode"},"sceneLighting":true,"audioPlay":false,"sceneViewState":{"m_AlwaysRefresh":true,"showFog":true,"showSkybox":true,"showFlares":true,"showImageEffects":true,"showParticleSystems":true,"showVisualEffectGraphs":true,"m_FxEnabled":true},"in2DMode":false,"pivot":{"x":430.42681884765627,"y":261.0555419921875,"z":0.4952392578125},"rotation":{"x":0.0036037913523614408,"y":-0.006020551081746817,"z":-0.00012040782894473523,"w":-1.0000451803207398},"size":244.62464904785157,"orthographic":false}