{"cameraMode":{"drawMode":0,"name":"Shaded","section":"Shading Mode"},"sceneLighting":false,"audioPlay":false,"sceneViewState":{"m_AlwaysRefresh":false,"showFog":true,"showSkybox":true,"showFlares":true,"showImageEffects":true,"showParticleSystems":true,"showVisualEffectGraphs":true,"m_FxEnabled":true},"in2DMode":false,"pivot":{"x":8.894920349121094,"y":0.00829711277037859,"z":-0.8987297415733337},"rotation":{"x":0.04189261049032211,"y":0.7923875451087952,"z":-0.05475965514779091,"w":0.6061350107192993},"size":3.0215911865234377,"orthographic":false}