{"cameraMode":{"drawMode":0,"name":"Shaded","section":"Shading Mode"},"sceneLighting":true,"audioPlay":false,"sceneViewState":{"m_AlwaysRefresh":true,"showFog":true,"showSkybox":true,"showFlares":true,"showImageEffects":true,"showParticleSystems":true,"showVisualEffectGraphs":true,"m_FxEnabled":true},"in2DMode":false,"pivot":{"x":-3.5192699432373049,"y":-1.5879981517791749,"z":-42.994991302490237},"rotation":{"x":0.07455595582723618,"y":-0.6632455587387085,"z":0.06669412553310394,"w":0.7417480945587158},"size":9.403097152709961,"orthographic":false}