{"cameraMode":{"drawMode":0,"name":"Shaded","section":"Shading Mode"},"sceneLighting":true,"audioPlay":false,"sceneViewState":{"m_AlwaysRefresh":true,"showFog":true,"showSkybox":true,"showFlares":true,"showImageEffects":true,"showParticleSystems":true,"showVisualEffectGraphs":true,"m_FxEnabled":true},"in2DMode":false,"pivot":{"x":-9.986738204956055,"y":-20.327882766723634,"z":49.66569137573242},"rotation":{"x":0.18476083874702454,"y":-0.13651573657989503,"z":0.0256100594997406,"w":0.9730598330497742},"size":36.196510314941409,"orthographic":false}