{"cameraMode":{"drawMode":0,"name":"Shaded","section":"Shading Mode"},"sceneLighting":false,"audioPlay":false,"sceneViewState":{"m_AlwaysRefresh":false,"showFog":true,"showSkybox":true,"showFlares":true,"showImageEffects":true,"showParticleSystems":true,"showVisualEffectGraphs":true,"m_FxEnabled":true},"in2DMode":false,"pivot":{"x":2.836251974105835,"y":2.9475903511047365,"z":-2.857924222946167},"rotation":{"x":-0.0010197486262768508,"y":0.9854022264480591,"z":-0.17016565799713136,"w":-0.005913252010941505},"size":4.59293270111084,"orthographic":false}