{"cameraMode":{"drawMode":0,"name":"Shaded","section":"Shading Mode"},"sceneLighting":true,"audioPlay":false,"sceneViewState":{"m_AlwaysRefresh":true,"showFog":true,"showSkybox":true,"showFlares":true,"showImageEffects":true,"showParticleSystems":true,"showVisualEffectGraphs":true,"m_FxEnabled":true},"in2DMode":false,"pivot":{"x":-3.464672088623047,"y":1.2901033163070679,"z":0.5788080096244812},"rotation":{"x":0.049601178616285327,"y":-0.9169478416442871,"z":0.11978861689567566,"w":0.3777098059654236},"size":6.86286735534668,"orthographic":false}