{"cameraMode":{"drawMode":0,"name":"Shaded","section":"Shading Mode"},"sceneLighting":false,"audioPlay":false,"sceneViewState":{"m_AlwaysRefresh":false,"showFog":true,"showSkybox":true,"showFlares":true,"showImageEffects":true,"showParticleSystems":true,"showVisualEffectGraphs":true,"m_FxEnabled":true},"in2DMode":false,"pivot":{"x":1.4229048490524293,"y":1.5599843263626099,"z":-2.3469510078430177},"rotation":{"x":-0.0010197486262768508,"y":0.9854022264480591,"z":-0.17016565799713136,"w":-0.005913252010941505},"size":6.2503461837768559,"orthographic":false}