{"cameraMode":{"drawMode":0,"name":"Shaded","section":"Shading Mode"},"sceneLighting":false,"audioPlay":false,"sceneViewState":{"m_AlwaysRefresh":false,"showFog":true,"showSkybox":true,"showFlares":true,"showImageEffects":true,"showParticleSystems":true,"showVisualEffectGraphs":true,"m_FxEnabled":true},"in2DMode":false,"pivot":{"x":-4.6904683113098148,"y":0.2961372435092926,"z":-1.6082640886306763},"rotation":{"x":-0.09582175314426422,"y":0.8545118570327759,"z":-0.17010682821273805,"w":-0.4813506305217743},"size":1.7044892311096192,"orthographic":false}