{"cameraMode":{"drawMode":0,"name":"Shaded","section":"Shading Mode"},"sceneLighting":true,"audioPlay":false,"sceneViewState":{"m_AlwaysRefresh":true,"showFog":true,"showSkybox":true,"showFlares":true,"showImageEffects":true,"showParticleSystems":true,"showVisualEffectGraphs":true,"m_FxEnabled":true},"in2DMode":false,"pivot":{"x":5.766685962677002,"y":-3.9492290019989015,"z":-66.32061004638672},"rotation":{"x":-0.00002279767613799777,"y":0.9935603141784668,"z":-0.11375553905963898,"w":-0.00001659486588323489},"size":13.507035255432129,"orthographic":false}