{"cameraMode":{"drawMode":0,"name":"Shaded","section":"Shading Mode"},"sceneLighting":true,"audioPlay":false,"sceneViewState":{"m_AlwaysRefresh":true,"showFog":true,"showSkybox":true,"showFlares":true,"showImageEffects":true,"showParticleSystems":true,"showVisualEffectGraphs":true,"m_FxEnabled":true},"in2DMode":false,"pivot":{"x":-3.399536371231079,"y":-3.0163984298706056,"z":-3.7364673614501955},"rotation":{"x":0.06818613409996033,"y":-0.9292970299720764,"z":0.21563443541526795,"w":0.2924608290195465},"size":13.815653800964356,"orthographic":false}